{
  "samples": {
    "conv-26": {
      "overall": {
        "f1": 0.1440932095350599,
        "bleu1": 0.08812258538925975,
        "j_score": 0.7828947368421053,
        "count": 152
      },
      "per_category": {
        "multi-hop": {
          "f1": 0.164624153644759,
          "bleu1": 0.10222791006298534,
          "j_score": 0.6216216216216216,
          "count": 37
        },
        "open-domain": {
          "f1": 0.1776574048724124,
          "bleu1": 0.10968088989759132,
          "j_score": 0.8857142857142857,
          "count": 70
        },
        "single-hop": {
          "f1": 0.08589626747225884,
          "bleu1": 0.047799993562489734,
          "j_score": 0.8125,
          "count": 32
        },
        "temporal": {
          "f1": 0.048182712637835794,
          "bleu1": 0.031149093846612533,
          "j_score": 0.6153846153846154,
          "count": 13
        }
      }
    }
  },
  "overall": {
    "overall": {
      "f1": 0.1440932095350599,
      "bleu1": 0.08812258538925975,
      "j_score": 0.7828947368421053,
      "count": 152
    },
    "per_category": {
      "multi-hop": {
        "f1": 0.164624153644759,
        "bleu1": 0.10222791006298534,
        "j_score": 0.6216216216216216,
        "count": 37
      },
      "open-domain": {
        "f1": 0.1776574048724124,
        "bleu1": 0.10968088989759132,
        "j_score": 0.8857142857142857,
        "count": 70
      },
      "single-hop": {
        "f1": 0.08589626747225884,
        "bleu1": 0.047799993562489734,
        "j_score": 0.8125,
        "count": 32
      },
      "temporal": {
        "f1": 0.048182712637835794,
        "bleu1": 0.031149093846612533,
        "j_score": 0.6153846153846154,
        "count": 13
      }
    }
  }
}