{
  "samples": {
    "conv-26": {
      "overall": {
        "f1": 0.13428043560023012,
        "bleu1": 0.08051248385994553,
        "j_score": 0.7894736842105263,
        "count": 152
      },
      "per_category": {
        "multi-hop": {
          "f1": 0.14854186650494264,
          "bleu1": 0.08717106972148017,
          "j_score": 0.7027027027027027,
          "count": 37
        },
        "open-domain": {
          "f1": 0.16097411088722124,
          "bleu1": 0.09966902157694214,
          "j_score": 0.8428571428571429,
          "count": 70
        },
        "single-hop": {
          "f1": 0.08238523137740683,
          "bleu1": 0.045310899396053525,
          "j_score": 0.6875,
          "count": 32
        },
        "temporal": {
          "f1": 0.07769707572073783,
          "bleu1": 0.045060590458253065,
          "j_score": 1.0,
          "count": 13
        }
      }
    }
  },
  "overall": {
    "overall": {
      "f1": 0.13428043560023012,
      "bleu1": 0.08051248385994553,
      "j_score": 0.7894736842105263,
      "count": 152
    },
    "per_category": {
      "multi-hop": {
        "f1": 0.14854186650494264,
        "bleu1": 0.08717106972148017,
        "j_score": 0.7027027027027027,
        "count": 37
      },
      "open-domain": {
        "f1": 0.16097411088722124,
        "bleu1": 0.09966902157694214,
        "j_score": 0.8428571428571429,
        "count": 70
      },
      "single-hop": {
        "f1": 0.08238523137740683,
        "bleu1": 0.045310899396053525,
        "j_score": 0.6875,
        "count": 32
      },
      "temporal": {
        "f1": 0.07769707572073783,
        "bleu1": 0.045060590458253065,
        "j_score": 1.0,
        "count": 13
      }
    }
  }
}