{
  "samples": {
    "conv-26": {
      "overall": {
        "f1": 0.15200070671413382,
        "bleu1": 0.09099323666763875,
        "j_score": 0.8421052631578947,
        "count": 152
      },
      "per_category": {
        "multi-hop": {
          "f1": 0.17450777858157637,
          "bleu1": 0.10459220231807222,
          "j_score": 0.8648648648648649,
          "count": 37
        },
        "open-domain": {
          "f1": 0.1772569132620817,
          "bleu1": 0.10814087647071104,
          "j_score": 0.8285714285714286,
          "count": 70
        },
        "single-hop": {
          "f1": 0.10468073923880482,
          "bleu1": 0.05873143612664531,
          "j_score": 0.84375,
          "count": 32
        },
        "temporal": {
          "f1": 0.06842707915711825,
          "bleu1": 0.039368706054615295,
          "j_score": 0.8461538461538461,
          "count": 13
        }
      }
    },
    "conv-30": {
      "overall": {
        "f1": 0.14836759145490447,
        "bleu1": 0.08729480038710014,
        "j_score": 0.8888888888888888,
        "count": 81
      },
      "per_category": {
        "multi-hop": {
          "f1": 0.19915206949732614,
          "bleu1": 0.11383272410756087,
          "j_score": 0.9230769230769231,
          "count": 26
        },
        "open-domain": {
          "f1": 0.11163059309293734,
          "bleu1": 0.06527583189864263,
          "j_score": 0.8863636363636364,
          "count": 44
        },
        "single-hop": {
          "f1": 0.175279545893413,
          "bleu1": 0.11264467281984131,
          "j_score": 0.8181818181818182,
          "count": 11
        }
      }
    },
    "conv-41": {
      "overall": {
        "f1": 0.14737873924542472,
        "bleu1": 0.08676688046744464,
        "j_score": 0.875,
        "count": 152
      },
      "per_category": {
        "multi-hop": {
          "f1": 0.15267541335783544,
          "bleu1": 0.09684002525608684,
          "j_score": 0.8518518518518519,
          "count": 27
        },
        "open-domain": {
          "f1": 0.15784701402287962,
          "bleu1": 0.0919731818545358,
          "j_score": 0.9186046511627907,
          "count": 86
        },
        "single-hop": {
          "f1": 0.1431538959996198,
          "bleu1": 0.08101189818275627,
          "j_score": 0.8387096774193549,
          "count": 31
        },
        "temporal": {
          "f1": 0.033339777835892453,
          "bleu1": 0.01910283324771525,
          "j_score": 0.625,
          "count": 8
        }
      }
    },
    "conv-42": {
      "overall": {
        "f1": 0.13814288142359143,
        "bleu1": 0.08167926797842143,
        "j_score": 0.7587939698492462,
        "count": 199
      },
      "per_category": {
        "multi-hop": {
          "f1": 0.12591812264512675,
          "bleu1": 0.07434923203636287,
          "j_score": 0.75,
          "count": 40
        },
        "open-domain": {
          "f1": 0.15865679693998389,
          "bleu1": 0.09200743219206325,
          "j_score": 0.8558558558558559,
          "count": 111
        },
        "single-hop": {
          "f1": 0.10826581527750671,
          "bleu1": 0.06767067750892268,
          "j_score": 0.5675675675675675,
          "count": 37
        },
        "temporal": {
          "f1": 0.0760880792621521,
          "bleu1": 0.051233182282016905,
          "j_score": 0.45454545454545453,
          "count": 11
        }
      }
    },
    "conv-43": {
      "overall": {
        "f1": 0.14952914114360574,
        "bleu1": 0.09000756416237264,
        "j_score": 0.8595505617977528,
        "count": 178
      },
      "per_category": {
        "multi-hop": {
          "f1": 0.11054430453803749,
          "bleu1": 0.0610818127617376,
          "j_score": 0.7692307692307693,
          "count": 26
        },
        "open-domain": {
          "f1": 0.15982293274424217,
          "bleu1": 0.09523183199846334,
          "j_score": 0.8785046728971962,
          "count": 107
        },
        "single-hop": {
          "f1": 0.1684006704705131,
          "bleu1": 0.10793567911917464,
          "j_score": 0.8709677419354839,
          "count": 31
        },
        "temporal": {
          "f1": 0.10146861552521642,
          "bleu1": 0.06410051518336882,
          "j_score": 0.8571428571428571,
          "count": 14
        }
      }
    },
    "conv-44": {
      "overall": {
        "f1": 0.12726378057433924,
        "bleu1": 0.07546680224232347,
        "j_score": 0.7886178861788617,
        "count": 123
      },
      "per_category": {
        "multi-hop": {
          "f1": 0.107202920628045,
          "bleu1": 0.0626013002440496,
          "j_score": 0.625,
          "count": 24
        },
        "open-domain": {
          "f1": 0.14315070570778582,
          "bleu1": 0.08412740525893216,
          "j_score": 0.8387096774193549,
          "count": 62
        },
        "single-hop": {
          "f1": 0.12121463585625711,
          "bleu1": 0.07398821425834631,
          "j_score": 0.8666666666666667,
          "count": 30
        },
        "temporal": {
          "f1": 0.08125601228574456,
          "bleu1": 0.04920570230634493,
          "j_score": 0.5714285714285714,
          "count": 7
        }
      }
    },
    "conv-47": {
      "overall": {
        "f1": 0.1534765111781068,
        "bleu1": 0.09028361585859451,
        "j_score": 0.7866666666666666,
        "count": 150
      },
      "per_category": {
        "multi-hop": {
          "f1": 0.1544331484314723,
          "bleu1": 0.09057713060384319,
          "j_score": 0.7647058823529411,
          "count": 34
        },
        "open-domain": {
          "f1": 0.15848348646591703,
          "bleu1": 0.09165041840035971,
          "j_score": 0.8433734939759037,
          "count": 83
        },
        "single-hop": {
          "f1": 0.1740948411049848,
          "bleu1": 0.10319923106028601,
          "j_score": 0.75,
          "count": 20
        },
        "temporal": {
          "f1": 0.08728641779039657,
          "bleu1": 0.06091927614022541,
          "j_score": 0.5384615384615384,
          "count": 13
        }
      }
    },
    "conv-48": {
      "overall": {
        "f1": 0.16525244860573166,
        "bleu1": 0.10161816293262876,
        "j_score": 0.8010471204188482,
        "count": 191
      },
      "per_category": {
        "multi-hop": {
          "f1": 0.18617467436732407,
          "bleu1": 0.11291134119185964,
          "j_score": 0.7857142857142857,
          "count": 42
        },
        "open-domain": {
          "f1": 0.1697233596799482,
          "bleu1": 0.10431379937425805,
          "j_score": 0.847457627118644,
          "count": 118
        },
        "single-hop": {
          "f1": 0.14841094912680874,
          "bleu1": 0.09468744495474289,
          "j_score": 0.6666666666666666,
          "count": 21
        },
        "temporal": {
          "f1": 0.059989498637026836,
          "bleu1": 0.03693281198619476,
          "j_score": 0.6,
          "count": 10
        }
      }
    },
    "conv-49": {
      "overall": {
        "f1": 0.14820059077697081,
        "bleu1": 0.08967233955553265,
        "j_score": 0.8525641025641025,
        "count": 156
      },
      "per_category": {
        "multi-hop": {
          "f1": 0.12424887236162988,
          "bleu1": 0.0703423627598015,
          "j_score": 0.696969696969697,
          "count": 33
        },
        "open-domain": {
          "f1": 0.1458746392558583,
          "bleu1": 0.08541948846625207,
          "j_score": 0.863013698630137,
          "count": 73
        },
        "single-hop": {
          "f1": 0.16487257866262264,
          "bleu1": 0.10752460115038598,
          "j_score": 0.9459459459459459,
          "count": 37
        },
        "temporal": {
          "f1": 0.1746111766983827,
          "bleu1": 0.1118118537683821,
          "j_score": 0.9230769230769231,
          "count": 13
        }
      }
    },