{
  "samples": {
    "conv-26": {
      "overall": {
        "f1": 0.141132840130651,
        "bleu1": 0.08328719802093335,
        "j_score": 0.8552631578947368,
        "count": 152
      },
      "per_category": {
        "multi-hop": {
          "f1": 0.15632798857828928,
          "bleu1": 0.09180451032159972,
          "j_score": 0.7837837837837838,
          "count": 37
        },
        "open-domain": {
          "f1": 0.16216511535608538,
          "bleu1": 0.09773782413900815,
          "j_score": 0.8714285714285714,
          "count": 70
        },
        "single-hop": {
          "f1": 0.10406605374498255,
          "bleu1": 0.05799302516086845,
          "j_score": 0.90625,
          "count": 32
        },
        "temporal": {
          "f1": 0.07587571751514147,
          "bleu1": 0.04349713249263988,
          "j_score": 0.8461538461538461,
          "count": 13
        }
      }
    }
  },
  "overall": {
    "overall": {
      "f1": 0.141132840130651,
      "bleu1": 0.08328719802093335,
      "j_score": 0.8552631578947368,
      "count": 152
    },
    "per_category": {
      "multi-hop": {
        "f1": 0.15632798857828928,
        "bleu1": 0.09180451032159972,
        "j_score": 0.7837837837837838,
        "count": 37
      },
      "open-domain": {
        "f1": 0.16216511535608538,
        "bleu1": 0.09773782413900815,
        "j_score": 0.8714285714285714,
        "count": 70
      },
      "single-hop": {
        "f1": 0.10406605374498255,
        "bleu1": 0.05799302516086845,
        "j_score": 0.90625,
        "count": 32
      },
      "temporal": {
        "f1": 0.07587571751514147,
        "bleu1": 0.04349713249263988,
        "j_score": 0.8461538461538461,
        "count": 13
      }
    }
  }
}