{
  "samples": {
    "conv-26": {
      "overall": {
        "f1": 0.14558016266640778,
        "bleu1": 0.09022024630759139,
        "j_score": 0.7960526315789473,
        "count": 152
      },
      "per_category": {
        "multi-hop": {
          "f1": 0.16761915312888184,
          "bleu1": 0.10263381116596997,
          "j_score": 0.7297297297297297,
          "count": 37
        },
        "open-domain": {
          "f1": 0.17670391001979532,
          "bleu1": 0.1122003873815598,
          "j_score": 0.8571428571428571,
          "count": 70
        },
        "single-hop": {
          "f1": 0.08542024903867652,
          "bleu1": 0.048257793618306344,
          "j_score": 0.78125,
          "count": 32
        },
        "temporal": {
          "f1": 0.06335033760784868,
          "bleu1": 0.03982691639369366,
          "j_score": 0.6923076923076923,
          "count": 13
        }
      }
    }
  },
  "overall": {
    "overall": {
      "f1": 0.14558016266640778,
      "bleu1": 0.09022024630759139,
      "j_score": 0.7960526315789473,
      "count": 152
    },
    "per_category": {
      "multi-hop": {
        "f1": 0.16761915312888184,
        "bleu1": 0.10263381116596997,
        "j_score": 0.7297297297297297,
        "count": 37
      },
      "open-domain": {
        "f1": 0.17670391001979532,
        "bleu1": 0.1122003873815598,
        "j_score": 0.8571428571428571,
        "count": 70
      },
      "single-hop": {
        "f1": 0.08542024903867652,
        "bleu1": 0.048257793618306344,
        "j_score": 0.78125,
        "count": 32
      },
      "temporal": {
        "f1": 0.06335033760784868,
        "bleu1": 0.03982691639369366,
        "j_score": 0.6923076923076923,
        "count": 13
      }
    }
  }
}