{
  "samples": {
    "conv-26": {
      "overall": {
        "f1": 0.15047697881615932,
        "bleu1": 0.09043312484650545,
        "j_score": 0.8421052631578947,
        "count": 152
      },
      "per_category": {
        "multi-hop": {
          "f1": 0.16539230901398616,
          "bleu1": 0.09729716268029212,
          "j_score": 0.8918918918918919,
          "count": 37
        },
        "open-domain": {
          "f1": 0.18471445904233694,
          "bleu1": 0.11348996927384035,
          "j_score": 0.9142857142857143,
          "count": 70
        },
        "single-hop": {
          "f1": 0.08814813284251508,
          "bleu1": 0.04959979929772623,
          "j_score": 0.71875,
          "count": 32
        },
        "temporal": {
          "f1": 0.07709484327805087,
          "bleu1": 0.04725757929245825,
          "j_score": 0.6153846153846154,
          "count": 13
        }
      }
    }
  },
  "overall": {
    "overall": {
      "f1": 0.15047697881615932,
      "bleu1": 0.09043312484650545,
      "j_score": 0.8421052631578947,
      "count": 152
    },
    "per_category": {
      "multi-hop": {
        "f1": 0.16539230901398616,
        "bleu1": 0.09729716268029212,
        "j_score": 0.8918918918918919,
        "count": 37
      },
      "open-domain": {
        "f1": 0.18471445904233694,
        "bleu1": 0.11348996927384035,
        "j_score": 0.9142857142857143,
        "count": 70
      },
      "single-hop": {
        "f1": 0.08814813284251508,
        "bleu1": 0.04959979929772623,
        "j_score": 0.71875,
        "count": 32
      },
      "temporal": {
        "f1": 0.07709484327805087,
        "bleu1": 0.04725757929245825,
        "j_score": 0.6153846153846154,
        "count": 13
      }
    }
  }
}