{
  "samples": {
    "conv-26": {
      "overall": {
        "f1": 0.13818507051580897,
        "bleu1": 0.08253698872800358,
        "j_score": 0.8223684210526315,
        "count": 152
      },
      "per_category": {
        "multi-hop": {
          "f1": 0.14623927740262121,
          "bleu1": 0.08606473012628386,
          "j_score": 0.8378378378378378,
          "count": 37
        },
        "open-domain": {
          "f1": 0.1697799771765102,
          "bleu1": 0.10332785641420189,
          "j_score": 0.8714285714285714,
          "count": 70
        },
        "single-hop": {
          "f1": 0.09160726308721047,
          "bleu1": 0.05106275440882277,
          "j_score": 0.78125,
          "count": 32
        },
        "temporal": {
          "f1": 0.059788202566118824,
          "bleu1": 0.03802070630058307,
          "j_score": 0.6153846153846154,
          "count": 13
        }
      }
    }
  },
  "overall": {
    "overall": {
      "f1": 0.13818507051580897,
      "bleu1": 0.08253698872800358,
      "j_score": 0.8223684210526315,
      "count": 152
    },
    "per_category": {
      "multi-hop": {
        "f1": 0.14623927740262121,
        "bleu1": 0.08606473012628386,
        "j_score": 0.8378378378378378,
        "count": 37
      },
      "open-domain": {
        "f1": 0.1697799771765102,
        "bleu1": 0.10332785641420189,
        "j_score": 0.8714285714285714,
        "count": 70
      },
      "single-hop": {
        "f1": 0.09160726308721047,
        "bleu1": 0.05106275440882277,
        "j_score": 0.78125,
        "count": 32
      },
      "temporal": {
        "f1": 0.059788202566118824,
        "bleu1": 0.03802070630058307,
        "j_score": 0.6153846153846154,
        "count": 13
      }
    }
  }
}