{
  "samples": {
    "conv-26": {
      "overall": {
        "f1": 0.15274190772171634,
        "bleu1": 0.09384572996293754,
        "j_score": 0.8092105263157895,
        "count": 152
      },
      "per_category": {
        "multi-hop": {
          "f1": 0.1738204475663358,
          "bleu1": 0.10569728432900873,
          "j_score": 0.7027027027027027,
          "count": 37
        },
        "open-domain": {
          "f1": 0.18489578379391014,
          "bleu1": 0.11658712013754836,
          "j_score": 0.8571428571428571,
          "count": 70
        },
        "single-hop": {
          "f1": 0.08781479083954219,
          "bleu1": 0.04963503761692149,
          "j_score": 0.78125,
          "count": 32
        },
        "temporal": {
          "f1": 0.07943348010056887,
          "bleu1": 0.046487063140254456,
          "j_score": 0.9230769230769231,
          "count": 13
        }
      }
    }
  },
  "overall": {
    "overall": {
      "f1": 0.15274190772171634,
      "bleu1": 0.09384572996293754,
      "j_score": 0.8092105263157895,
      "count": 152
    },
    "per_category": {
      "multi-hop": {
        "f1": 0.1738204475663358,
        "bleu1": 0.10569728432900873,
        "j_score": 0.7027027027027027,
        "count": 37
      },
      "open-domain": {
        "f1": 0.18489578379391014,
        "bleu1": 0.11658712013754836,
        "j_score": 0.8571428571428571,
        "count": 70
      },
      "single-hop": {
        "f1": 0.08781479083954219,
        "bleu1": 0.04963503761692149,
        "j_score": 0.78125,
        "count": 32
      },
      "temporal": {
        "f1": 0.07943348010056887,
        "bleu1": 0.046487063140254456,
        "j_score": 0.9230769230769231,
        "count": 13
      }
    }
  }
}