{
  "samples": {
    "conv-26": {
      "overall": {
        "f1": 0.13267504746614095,
        "bleu1": 0.07871759567195084,
        "j_score": 0.7236842105263158,
        "count": 152
      },
      "per_category": {
        "multi-hop": {
          "f1": 0.13944737914402885,
          "bleu1": 0.0822304440744793,
          "j_score": 0.5675675675675675,
          "count": 37
        },
        "open-domain": {
          "f1": 0.16144334833660479,
          "bleu1": 0.09766539740963237,
          "j_score": 0.8142857142857143,
          "count": 70
        },
        "single-hop": {
          "f1": 0.08412868071198838,
          "bleu1": 0.04691713957084258,
          "j_score": 0.65625,
          "count": 32
        },
        "temporal": {
          "f1": 0.07799246309064545,
          "bleu1": 0.044970909726120764,
          "j_score": 0.8461538461538461,
          "count": 13
        }
      }
    },
    "conv-30": {
      "overall": {
        "f1": 0.13466052420000993,
        "bleu1": 0.07765364479082167,
        "j_score": 0.8765432098765432,
        "count": 81
      },
      "per_category": {
        "multi-hop": {
          "f1": 0.1706794102571849,
          "bleu1": 0.09499908406813964,
          "j_score": 0.9615384615384616,
          "count": 26
        },
        "open-domain": {
          "f1": 0.10930150921147765,
          "bleu1": 0.062939230835583,
          "j_score": 0.8409090909090909,
          "count": 44
        },
        "single-hop": {
          "f1": 0.15096103529172591,
          "bleu1": 0.09551298959266132,
          "j_score": 0.8181818181818182,
          "count": 11
        }
      }
    },
    "conv-41": {
      "overall": {
        "f1": 0.13033401554529478,
        "bleu1": 0.07514567225371413,
        "j_score": 0.8092105263157895,
        "count": 152
      },
      "per_category": {
        "multi-hop": {
          "f1": 0.10774141083546462,
          "bleu1": 0.06326150121567971,
          "j_score": 0.5185185185185185,
          "count": 27
        },
        "open-domain": {
          "f1": 0.14690083686526012,
          "bleu1": 0.08500696763594484,
          "j_score": 0.8953488372093024,
          "count": 86
        },
        "single-hop": {
          "f1": 0.1254436264640974,
          "bleu1": 0.06977265363617619,
          "j_score": 0.8387096774193549,
          "count": 31
        },
        "temporal": {
          "f1": 0.04744098494098495,
          "bleu1": 0.03006627129105984,
          "j_score": 0.75,
          "count": 8
        }
      }
    },
    "conv-42": {
      "overall": {
        "f1": 0.1297819766080431,
        "bleu1": 0.07579590134630587,
        "j_score": 0.7688442211055276,
        "count": 199
      },
      "per_category": {
        "multi-hop": {
          "f1": 0.10398308672678154,
          "bleu1": 0.05858696779819966,
          "j_score": 0.75,
          "count": 40
        },
        "open-domain": {
          "f1": 0.15328139757484732,
          "bleu1": 0.08837859528565807,
          "j_score": 0.8828828828828829,
          "count": 111
        },
        "single-hop": {
          "f1": 0.10554561973531965,
          "bleu1": 0.06538163348741667,
          "j_score": 0.5405405405405406,
          "count": 37
        },
        "temporal": {
          "f1": 0.06798789226494911,
          "bleu1": 0.04643283093131118,
          "j_score": 0.45454545454545453,
          "count": 11
        }
      }
    },
    "conv-43": {
      "overall": {
        "f1": 0.12811047709708168,
        "bleu1": 0.07629070657115282,
        "j_score": 0.7471910112359551,
        "count": 178
      },
      "per_category": {
        "multi-hop": {
          "f1": 0.08095663722090649,
          "bleu1": 0.044725002752634455,
          "j_score": 0.6538461538461539,
          "count": 26
        },
        "open-domain": {
          "f1": 0.1434831559092784,
          "bleu1": 0.085052128027319,
          "j_score": 0.7850467289719626,
          "count": 107
        },
        "single-hop": {
          "f1": 0.1382644078572397,
          "bleu1": 0.08563529850827192,
          "j_score": 0.7096774193548387,
          "count": 31
        },
        "temporal": {
          "f1": 0.07570700211926829,
          "bleu1": 0.0472588389583671,
          "j_score": 0.7142857142857143,
          "count": 14
        }
      }
    },
    "conv-44": {
      "overall": {
        "f1": 0.12477229717144156,
        "bleu1": 0.073144852403879,
        "j_score": 0.8373983739837398,
        "count": 123
      },
      "per_category": {
        "multi-hop": {
          "f1": 0.11562043714175967,
          "bleu1": 0.06651634943267436,
          "j_score": 0.7083333333333334,
          "count": 24
        },
        "open-domain": {
          "f1": 0.13818916078502436,
          "bleu1": 0.07948328437413786,
          "j_score": 0.8548387096774194,
          "count": 62
        },
        "single-hop": {
          "f1": 0.11446879722384731,
          "bleu1": 0.0707181858443079,
          "j_score": 0.9666666666666667,
          "count": 30
        },
        "temporal": {
          "f1": 0.08147288218545061,
          "bleu1": 0.05013075039530606,
          "j_score": 0.5714285714285714,
          "count": 7
        }
      }
    },
    "conv-47": {
      "overall": {
        "f1": 0.1419419053357404,
        "bleu1": 0.08218685956437757,
        "j_score": 0.8333333333333334,
        "count": 150
      },
      "per_category": {
        "multi-hop": {
          "f1": 0.14052089115026975,
          "bleu1": 0.0805251859783419,
          "j_score": 0.7058823529411765,
          "count": 34
        },
        "open-domain": {
          "f1": 0.1474749819000718,
          "bleu1": 0.0847532687882276,
          "j_score": 0.9036144578313253,
          "count": 83
        },
        "single-hop": {
          "f1": 0.16438041087279903,
          "bleu1": 0.09646302209620712,
          "j_score": 0.8,
          "count": 20
        },
        "temporal": {
          "f1": 0.07581106046845867,
          "bleu1": 0.048183912311228615,
          "j_score": 0.7692307692307693,
          "count": 13
        }
      }
    },
    "conv-48": {
      "overall": {
        "f1": 0.14161236850406633,
        "bleu1": 0.08380754219544788,
        "j_score": 0.7277486910994765,
        "count": 191
      },
      "per_category": {
        "multi-hop": {
          "f1": 0.13431030768927169,
          "bleu1": 0.07844366850010409,
          "j_score": 0.6666666666666666,
          "count": 42
        },
        "open-domain": {
          "f1": 0.15676220231021934,
          "bleu1": 0.09262979093329035,
          "j_score": 0.788135593220339,
          "count": 118
        },
        "single-hop": {
          "f1": 0.11634683538558586,
          "bleu1": 0.07136682150613705,
          "j_score": 0.6666666666666666,
          "count": 21
        },
        "temporal": {
          "f1": 0.046570604562407844,
          "bleu1": 0.02835879005690326,
          "j_score": 0.4,
          "count": 10
        }
      }
    },
    "conv-49": {
      "overall": {
        "f1": 0.13903811881664663,
        "bleu1": 0.08351899277560783,
        "j_score": 0.8205128205128205,
        "count": 156
      },
      "per_category": {
        "multi-hop": {
          "f1": 0.11898830895991101,
          "bleu1": 0.06724079309899028,
          "j_score": 0.7575757575757576,
          "count": 33
        },
        "open-domain": {
          "f1": 0.13726920000555023,
          "bleu1": 0.08009120508587408,
          "j_score": 0.8356164383561644,
          "count": 73
        },
        "single-hop": {
          "f1": 0.1497017112033731,
          "bleu1": 0.09627752323748093,
          "j_score": 0.8108108108108109,
          "count": 37
        },
        "temporal": {
          "f1": 0.16951672498383466,
          "bleu1": 0.10777618228250309,
          "j_score": 0.9230769230769231,
          "count": 13
        }
      }
    },