{
  "config": {
    "data": "data/locomo10.json",
    "phase": "all",
    "ingest_provider": "anthropic",
    "query_provider": "openai",
    "ingest_model": "claude-haiku-4-5-20251001",
    "query_model": "gpt-4o-mini",
    "judge_model": "gpt-4o-mini",
    "samples": [
      "conv-43",
      "conv-44",
      "conv-47",
      "conv-48",
      "conv-49",
      "conv-50"
    ],
    "memory_dir": "memory",
    "snapshot_dir": "memory_snapshots",
    "results_dir": "runs/baseline-full-gpt4omini",
    "baseline": true,
    "include_adversarial": false,
    "quiet": false
  },
  "baseline_query": {
    "conv-43": {
      "num_questions": 178,
      "total_tokens": 3680270,
      "avg_tokens_per_query": 20675.674157303372
    },
    "conv-44": {
      "num_questions": 123,
      "total_tokens": 2503306,
      "avg_tokens_per_query": 20352.08130081301
    },
    "conv-47": {
      "num_questions": 150,
      "total_tokens": 2980247,
      "avg_tokens_per_query": 19868.31333333333
    },
    "conv-48": {
      "num_questions": 191,
      "total_tokens": 3654760,
      "avg_tokens_per_query": 19134.869109947645
    },
    "conv-49": {
      "num_questions": 156,
      "total_tokens": 2467751,
      "avg_tokens_per_query": 15818.916666666666
    },
    "conv-50": {
      "num_questions": 158,
      "total_tokens": 3142478,
      "avg_tokens_per_query": 19889.101265822785
    }
  },
  "evaluation": {
    "overall": {
      "overall": {
        "f1": 0.233343328070607,
        "bleu1": 0.15384569208061916,
        "j_score": 0.772077922077922,
        "count": 1540
      },
      "per_category": {
        "multi-hop": {
          "f1": 0.14096097595881366,
          "bleu1": 0.09030502525637688,
          "j_score": 0.5015576323987538,
          "count": 321
        },
        "open-domain": {
          "f1": 0.2910830027662555,
          "bleu1": 0.19086747560579378,
          "j_score": 0.901307966706302,
          "count": 841
        },
        "single-hop": {
          "f1": 0.20496164925297541,
          "bleu1": 0.14123596207955927,
          "j_score": 0.7624113475177305,
          "count": 282
        },
        "temporal": {
          "f1": 0.11979439093953796,
          "bleu1": 0.07902462922862581,
          "j_score": 0.5729166666666666,
          "count": 96
        }
      }
    },
    "samples": {
      "conv-26": {
        "overall": {
          "f1": 0.2379495554807665,
          "bleu1": 0.15816965773508684,
          "j_score": 0.7960526315789473,
          "count": 152
        },
        "per_category": {
          "multi-hop": {
            "f1": 0.17994453543722252,
            "bleu1": 0.12480774345762902,
            "j_score": 0.5405405405405406,
            "count": 37
          },
          "open-domain": {
            "f1": 0.32451212405152985,
            "bleu1": 0.2175070461044358,
            "j_score": 0.9285714285714286,
            "count": 70
          },
          "single-hop": {
            "f1": 0.16745226265827176,
            "bleu1": 0.10293579019499631,
            "j_score": 0.84375,
            "count": 32
          },
          "temporal": {
            "f1": 0.11046642563288372,
            "bleu1": 0.06957407340388831,
            "j_score": 0.6923076923076923,
            "count": 13
          }
        }
      },
      "conv-30": {
        "overall": {
          "f1": 0.2311535488284921,
          "bleu1": 0.14876202937950989,
          "j_score": 0.8024691358024691,
          "count": 81
        },
        "per_category": {
          "multi-hop": {
            "f1": 0.21504466689864396,
            "bleu1": 0.1314110502764152,
            "j_score": 0.5384615384615384,
            "count": 26
          },
          "open-domain": {
            "f1": 0.24039227046068506,
            "bleu1": 0.154810471332004,
            "j_score": 0.9318181818181818,
            "count": 44
          },
          "single-hop": {
            "f1": 0.23227420140663327,
            "bleu1": 0.16557966672230193,
            "j_score": 0.9090909090909091,
            "count": 11
          }
        }
      },
      "conv-41": {
        "overall": {
          "f1": 0.2489325116543002,
          "bleu1": 0.16529413161510545,
          "j_score": 0.7960526315789473,
          "count": 152
        },
        "per_category": {
          "multi-hop": {
            "f1": 0.16357254887848896,
            "bleu1": 0.11397592387930552,
            "j_score": 0.6666666666666666,
            "count": 27
          },
          "open-domain": {
            "f1": 0.3076161584204396,
            "bleu1": 0.20359391717562172,
            "j_score": 0.8837209302325582,
            "count": 86
          },
          "single-hop": {
            "f1": 0.21158918967206178,
            "bleu1": 0.13763509303654675,
            "j_score": 0.7741935483870968,
            "count": 31
          },
          "temporal": {
            "f1": 0.05087855596784168,
            "bleu1": 0.033949162439793894,
            "j_score": 0.375,
            "count": 8
          }
        }
      },
      "conv-42": {
        "overall": {
          "f1": 0.23724334654262452,
          "bleu1": 0.15496208678500428,
          "j_score": 0.7336683417085427,
          "count": 199
        },
        "per_category": {
          "multi-hop": {
            "f1": 0.16884053654986825,
            "bleu1": 0.10945051415446154,
            "j_score": 0.375,
            "count": 40
          },
          "open-domain": {
            "f1": 0.29778690873056174,
            "bleu1": 0.1918962993920209,
            "j_score": 0.9009009009009009,
            "count": 111
          },
          "single-hop": {
            "f1": 0.1729096933809792,
            "bleu1": 0.1212540923500367,
            "j_score": 0.7027027027027027,
            "count": 37
          },
          "temporal": {
            "f1": 0.09143627052717962,
            "bleu1": 0.06114036859743053,
            "j_score": 0.45454545454545453,
            "count": 11
          }
        }
      },
      "conv-43": {
        "overall": {
          "f1": 0.23196698133324262,
          "bleu1": 0.15406302813305753,
          "j_score": 0.7752808988764045,
          "count": 178
        },
        "per_category": {
          "multi-hop": {
            "f1": 0.05897949474872552,
            "bleu1": 0.034454353239198605,
            "j_score": 0.5769230769230769,
            "count": 26
          },
          "open-domain": {
            "f1": 0.2935941564553605,
            "bleu1": 0.19147790512299995,
            "j_score": 0.9065420560747663,
            "count": 107
          },
          "single-hop": {
            "f1": 0.22434318649271445,
            "bleu1": 0.16505474048425817,
            "j_score": 0.6451612903225806,
            "count": 31
          },
          "temporal": {
            "f1": 0.0991030208466163,
            "bleu1": 0.06589807287800646,
            "j_score": 0.42857142857142855,
            "count": 14
          }
        }
      },
      "conv-44": {
        "overall": {
          "f1": 0.23488371799497526,
          "bleu1": 0.1551966635042174,
          "j_score": 0.7967479674796748,
          "count": 123
        },
        "per_category": {
          "multi-hop": {
            "f1": 0.1316523075668261,
            "bleu1": 0.08108754181766197,
            "j_score": 0.5416666666666666,
            "count": 24
          },
          "open-domain": {
            "f1": 0.3205389976128777,
            "bleu1": 0.21300935179639535,
            "j_score": 0.9516129032258065,
            "count": 62
          },
          "single-hop": {
            "f1": 0.1687649495480931,
            "bleu1": 0.11422910994960844,
            "j_score": 0.7666666666666667,
            "count": 30
          },
          "temporal": {
            "f1": 0.11352508476241797,
            "bleu1": 0.07280507107572642,
            "j_score": 0.42857142857142855,
            "count": 7
          }
        }
      },