{
  "samples": {
    "conv-26": {
      "overall": {
        "f1": 0.1388427733295943,
        "bleu1": 0.08161183972887108,
        "j_score": 0.8355263157894737,
        "count": 152
      },
      "per_category": {
        "multi-hop": {
          "f1": 0.15726818160350303,
          "bleu1": 0.09145828794982251,
          "j_score": 0.7837837837837838,
          "count": 37
        },
        "open-domain": {
          "f1": 0.16114029061554827,
          "bleu1": 0.09672627285810444,
          "j_score": 0.8857142857142857,
          "count": 70
        },
        "single-hop": {
          "f1": 0.09963119265061299,
          "bleu1": 0.05549041930035231,
          "j_score": 0.8125,
          "count": 32
        },
        "temporal": {
          "f1": 0.06285848606621137,
          "bleu1": 0.036500805151260404,
          "j_score": 0.7692307692307693,
          "count": 13
        }
      }
    }
  },
  "overall": {
    "overall": {
      "f1": 0.1388427733295943,
      "bleu1": 0.08161183972887108,
      "j_score": 0.8355263157894737,
      "count": 152
    },
    "per_category": {
      "multi-hop": {
        "f1": 0.15726818160350303,
        "bleu1": 0.09145828794982251,
        "j_score": 0.7837837837837838,
        "count": 37
      },
      "open-domain": {
        "f1": 0.16114029061554827,
        "bleu1": 0.09672627285810444,
        "j_score": 0.8857142857142857,
        "count": 70
      },
      "single-hop": {
        "f1": 0.09963119265061299,
        "bleu1": 0.05549041930035231,
        "j_score": 0.8125,
        "count": 32
      },
      "temporal": {
        "f1": 0.06285848606621137,
        "bleu1": 0.036500805151260404,
        "j_score": 0.7692307692307693,
        "count": 13
      }
    }
  }
}