{
  "samples": {
    "conv-26": {
      "overall": {
        "f1": 0.15544827727126673,
        "bleu1": 0.09471209198052384,
        "j_score": 0.7960526315789473,
        "count": 152
      },
      "per_category": {
        "multi-hop": {
          "f1": 0.17078582887906063,
          "bleu1": 0.10557499538294839,
          "j_score": 0.6216216216216216,
          "count": 37
        },
        "open-domain": {
          "f1": 0.19264607221386645,
          "bleu1": 0.11898038461918983,
          "j_score": 0.8714285714285714,
          "count": 70
        },
        "single-hop": {
          "f1": 0.0864996791710993,
          "bleu1": 0.04838499664970264,
          "j_score": 0.78125,
          "count": 32
        },
        "temporal": {
          "f1": 0.08121905294319087,
          "bleu1": 0.04715510274898209,
          "j_score": 0.9230769230769231,
          "count": 13
        }
      }
    }
  },
  "overall": {
    "overall": {
      "f1": 0.15544827727126673,
      "bleu1": 0.09471209198052384,
      "j_score": 0.7960526315789473,
      "count": 152
    },
    "per_category": {
      "multi-hop": {
        "f1": 0.17078582887906063,
        "bleu1": 0.10557499538294839,
        "j_score": 0.6216216216216216,
        "count": 37
      },
      "open-domain": {
        "f1": 0.19264607221386645,
        "bleu1": 0.11898038461918983,
        "j_score": 0.8714285714285714,
        "count": 70
      },
      "single-hop": {
        "f1": 0.0864996791710993,
        "bleu1": 0.04838499664970264,
        "j_score": 0.78125,
        "count": 32
      },
      "temporal": {
        "f1": 0.08121905294319087,
        "bleu1": 0.04715510274898209,
        "j_score": 0.9230769230769231,
        "count": 13
      }
    }
  }
}