{
  "samples": {
    "conv-26": {
      "overall": {
        "f1": 0.1501941163555541,
        "bleu1": 0.0903156939842128,
        "j_score": 0.8552631578947368,
        "count": 152
      },
      "per_category": {
        "multi-hop": {
          "f1": 0.16584367952430948,
          "bleu1": 0.0985556683402761,
          "j_score": 0.8648648648648649,
          "count": 37
        },
        "open-domain": {
          "f1": 0.18564759666888112,
          "bleu1": 0.11426930210232154,
          "j_score": 0.9,
          "count": 70
        },
        "single-hop": {
          "f1": 0.08540743018291631,
          "bleu1": 0.047997318510416054,
          "j_score": 0.71875,
          "count": 32
        },
        "temporal": {
          "f1": 0.0742246162284446,
          "bleu1": 0.04205080134725456,
          "j_score": 0.9230769230769231,
          "count": 13
        }
      }
    }
  },
  "overall": {
    "overall": {
      "f1": 0.1501941163555541,
      "bleu1": 0.0903156939842128,
      "j_score": 0.8552631578947368,
      "count": 152
    },
    "per_category": {
      "multi-hop": {
        "f1": 0.16584367952430948,
        "bleu1": 0.0985556683402761,
        "j_score": 0.8648648648648649,
        "count": 37
      },
      "open-domain": {
        "f1": 0.18564759666888112,
        "bleu1": 0.11426930210232154,
        "j_score": 0.9,
        "count": 70
      },
      "single-hop": {
        "f1": 0.08540743018291631,
        "bleu1": 0.047997318510416054,
        "j_score": 0.71875,
        "count": 32
      },
      "temporal": {
        "f1": 0.0742246162284446,
        "bleu1": 0.04205080134725456,
        "j_score": 0.9230769230769231,
        "count": 13
      }
    }
  }
}