{
  "config": {
    "data": "data/locomo10.json",
    "phase": "evaluate",
    "ingest_provider": "anthropic",
    "query_provider": "openai",
    "ingest_model": "claude-haiku-4-5-20251001",
    "query_model": "gpt-4o-mini",
    "judge_model": "gpt-5.4-mini",
    "samples": null,
    "memory_dir": "memory",
    "snapshot_dir": "memory_snapshots",
    "results_dir": "runs/full-eval-haiku-4.5-gpt54mini",
    "include_adversarial": false,
    "quiet": false
  },
  "evaluation": {
    "overall": {
      "overall": {
        "f1": 0.20246618823440155,
        "bleu1": 0.12950940922724602,
        "j_score": 0.788961038961039,
        "count": 1540
      },
      "per_category": {
        "multi-hop": {
          "f1": 0.18418086357648947,
          "bleu1": 0.11527572133920655,
          "j_score": 0.7227414330218068,
          "count": 321
        },
        "open-domain": {
          "f1": 0.2274137460958755,
          "bleu1": 0.14516839080171476,
          "j_score": 0.8466111771700356,
          "count": 841
        },
        "single-hop": {
          "f1": 0.17820719179957742,
          "bleu1": 0.11626928179724083,
          "j_score": 0.7624113475177305,
          "count": 282
        },
        "temporal": {
          "f1": 0.11631754290430196,
          "bleu1": 0.07881697426051718,
          "j_score": 0.5833333333333334,
          "count": 96
        }
      }
    },
    "samples": {
      "conv-26": {
        "overall": {
          "f1": 0.19300684664918527,
          "bleu1": 0.12381175619720315,
          "j_score": 0.743421052631579,
          "count": 152
        },
        "per_category": {
          "multi-hop": {
            "f1": 0.21045327262336533,
            "bleu1": 0.14075860368701285,
            "j_score": 0.6486486486486487,
            "count": 37
          },
          "open-domain": {
            "f1": 0.22666161555294256,
            "bleu1": 0.14541153316984148,
            "j_score": 0.7857142857142857,
            "count": 70
          },
          "single-hop": {
            "f1": 0.13604579537987566,
            "bleu1": 0.08228932710229989,
            "j_score": 0.71875,
            "count": 32
          },
          "temporal": {
            "f1": 0.10234546636535811,
            "bleu1": 0.061480985876376924,
            "j_score": 0.8461538461538461,
            "count": 13
          }
        }
      },
      "conv-30": {
        "overall": {
          "f1": 0.20592114987306337,
          "bleu1": 0.12921578011223103,
          "j_score": 0.8765432098765432,
          "count": 81
        },
        "per_category": {
          "multi-hop": {
            "f1": 0.26235328191469676,
            "bleu1": 0.15727663973733955,
            "j_score": 0.9615384615384616,
            "count": 26
          },
          "open-domain": {
            "f1": 0.17501176378180763,
            "bleu1": 0.11044841431221517,
            "j_score": 0.8863636363636364,
            "count": 44
          },
          "single-hop": {
            "f1": 0.1961736548669533,
            "bleu1": 0.13795957510749235,
            "j_score": 0.6363636363636364,
            "count": 11
          }
        }
      },
      "conv-41": {
        "overall": {
          "f1": 0.20425237744408728,
          "bleu1": 0.1283060518071241,
          "j_score": 0.756578947368421,
          "count": 152
        },
        "per_category": {
          "multi-hop": {
            "f1": 0.15717956357369595,
            "bleu1": 0.10293876874883084,
            "j_score": 0.6296296296296297,
            "count": 27
          },
          "open-domain": {
            "f1": 0.2411465684703137,
            "bleu1": 0.15265282001225292,
            "j_score": 0.8488372093023255,
            "count": 86
          },
          "single-hop": {
            "f1": 0.18303499015675492,
            "bleu1": 0.10781623628010975,
            "j_score": 0.7096774193548387,
            "count": 31
          },
          "temporal": {
            "f1": 0.048727946463138105,
            "bleu1": 0.03159090909090909,
            "j_score": 0.375,
            "count": 8
          }
        }
      },
      "conv-42": {
        "overall": {
          "f1": 0.1982590651806983,
          "bleu1": 0.12490584838777496,
          "j_score": 0.7939698492462312,
          "count": 199
        },
        "per_category": {
          "multi-hop": {
            "f1": 0.18536550239464916,
            "bleu1": 0.11826424484884206,
            "j_score": 0.75,
            "count": 40
          },
          "open-domain": {
            "f1": 0.23260285707519446,
            "bleu1": 0.14405869112278588,
            "j_score": 0.9009009009009009,
            "count": 111
          },
          "single-hop": {
            "f1": 0.14877872046297555,
            "bleu1": 0.09695718845462094,
            "j_score": 0.6756756756756757,
            "count": 37
          },
          "temporal": {
            "f1": 0.0650185529723948,
            "bleu1": 0.04979666797848616,
            "j_score": 0.2727272727272727,
            "count": 11
          }
        }
      },
      "conv-43": {
        "overall": {
          "f1": 0.20391490822119696,
          "bleu1": 0.13099318638422314,
          "j_score": 0.7640449438202247,
          "count": 178
        },
        "per_category": {
          "multi-hop": {
            "f1": 0.13572137132065576,
            "bleu1": 0.07822475142240332,
            "j_score": 0.7692307692307693,
            "count": 26
          },
          "open-domain": {
            "f1": 0.2351234577135855,
            "bleu1": 0.15184134821258133,
            "j_score": 0.8317757009345794,
            "count": 107
          },
          "single-hop": {
            "f1": 0.20171575748984005,
            "bleu1": 0.13357932348912555,
            "j_score": 0.7096774193548387,
            "count": 31
          },
          "temporal": {
            "f1": 0.09690711082123811,
            "bleu1": 0.06392573946429615,
            "j_score": 0.35714285714285715,
            "count": 14
          }
        }
      },
      "conv-44": {
        "overall": {
          "f1": 0.19162355732208872,
          "bleu1": 0.12303798758583477,
          "j_score": 0.8130081300813008,
          "count": 123
        },
        "per_category": {
          "multi-hop": {
            "f1": 0.15972628664192132,
            "bleu1": 0.10529018945379241,
            "j_score": 0.75,
            "count": 24
          },
          "open-domain": {
            "f1": 0.22438504148267852,
            "bleu1": 0.14093946022742704,
            "j_score": 0.8548387096774194,
            "count": 62
          },
          "single-hop": {
            "f1": 0.1704324881584757,
            "bleu1": 0.11307021525918756,
            "j_score": 0.8666666666666667,
            "count": 30
          },
          "temporal": {
            "f1": 0.10163135064721163,
            "bleu1": 0.06805070489865163,
            "j_score": 0.42857142857142855,
            "count": 7
          }
        }
      },
      "conv-47": {
        "overall": {
          "f1": 0.21744199507639914,
          "bleu1": 0.13972131721711686,
          "j_score": 0.7933333333333333,
          "count": 150
        },
        "per_category": {
          "multi-hop": {
            "f1": 0.17214347307605388,
            "bleu1": 0.10411845642444702,
            "j_score": 0.6176470588235294,
            "count": 34
          },
          "open-domain": {
            "f1": 0.2418910252761343,
            "bleu1": 0.1543343489223884,
            "j_score": 0.891566265060241,
            "count": 83
          },
          "single-hop": {
            "f1": 0.2374117645067939,
            "bleu1": 0.15803661292004187,
            "j_score": 0.75,
            "count": 20
          },
          "temporal": {
            "f1": 0.14909467606300184,
            "bleu1": 0.11136052655209622,
            "j_score": 0.6923076923076923,