{
  "samples": {
    "conv-26": {
      "overall": {
        "f1": 0.24207485218278943,
        "bleu1": 0.1604921126206654,
        "j_score": 0.7697368421052632,
        "count": 152
      },
      "per_category": {
        "multi-hop": {
          "f1": 0.1948156614181883,
          "bleu1": 0.13487874470510083,
          "j_score": 0.43243243243243246,
          "count": 37
        },
        "open-domain": {
          "f1": 0.3250349230085044,
          "bleu1": 0.2171191798375927,
          "j_score": 0.9428571428571428,
          "count": 70
        },
        "single-hop": {
          "f1": 0.16933100735595397,
          "bleu1": 0.10380753508954316,
          "j_score": 0.8125,
          "count": 32
        },
        "temporal": {
          "f1": 0.1089354779480899,
          "bleu1": 0.06800798867350337,
          "j_score": 0.6923076923076923,
          "count": 13
        }
      }
    }
  },
  "overall": {
    "overall": {
      "f1": 0.24207485218278943,
      "bleu1": 0.1604921126206654,
      "j_score": 0.7697368421052632,
      "count": 152
    },
    "per_category": {
      "multi-hop": {
        "f1": 0.1948156614181883,
        "bleu1": 0.13487874470510083,
        "j_score": 0.43243243243243246,
        "count": 37
      },
      "open-domain": {
        "f1": 0.3250349230085044,
        "bleu1": 0.2171191798375927,
        "j_score": 0.9428571428571428,
        "count": 70
      },
      "single-hop": {
        "f1": 0.16933100735595397,
        "bleu1": 0.10380753508954316,
        "j_score": 0.8125,
        "count": 32
      },
      "temporal": {
        "f1": 0.1089354779480899,
        "bleu1": 0.06800798867350337,
        "j_score": 0.6923076923076923,
        "count": 13
      }
    }
  }
}