{
  "samples": {
    "conv-26": {
      "overall": {
        "f1": 0.13876419486769434,
        "bleu1": 0.0829038996448653,
        "j_score": 0.8157894736842105,
        "count": 152
      },
      "per_category": {
        "multi-hop": {
          "f1": 0.1486830154105226,
          "bleu1": 0.08811099756773325,
          "j_score": 0.7837837837837838,
          "count": 37
        },
        "open-domain": {
          "f1": 0.1663358849374724,
          "bleu1": 0.10134183266900262,
          "j_score": 0.8857142857142857,
          "count": 70
        },
        "single-hop": {
          "f1": 0.09254789964303055,
          "bleu1": 0.05080506017442503,
          "j_score": 0.75,
          "count": 32
        },
        "temporal": {
          "f1": 0.07583394734616714,
          "bleu1": 0.047815047969354756,
          "j_score": 0.6923076923076923,
          "count": 13
        }
      }
    }
  },
  "overall": {
    "overall": {
      "f1": 0.13876419486769434,
      "bleu1": 0.0829038996448653,
      "j_score": 0.8157894736842105,
      "count": 152
    },
    "per_category": {
      "multi-hop": {
        "f1": 0.1486830154105226,
        "bleu1": 0.08811099756773325,
        "j_score": 0.7837837837837838,
        "count": 37
      },
      "open-domain": {
        "f1": 0.1663358849374724,
        "bleu1": 0.10134183266900262,
        "j_score": 0.8857142857142857,
        "count": 70
      },
      "single-hop": {
        "f1": 0.09254789964303055,
        "bleu1": 0.05080506017442503,
        "j_score": 0.75,
        "count": 32
      },
      "temporal": {
        "f1": 0.07583394734616714,
        "bleu1": 0.047815047969354756,
        "j_score": 0.6923076923076923,
        "count": 13
      }
    }
  }
}